n0_r1_1A	A	0	VERIFY OK	92.94	10-10_20:58:44
n0_r1_2B	B	0	VERIFY OK	78.32	10-10_21:00:04
n0_r1_3B	B	0	VERIFY OK	81.66	10-10_21:01:28
n0_r1_4A	A	0	VERIFY OK	91.91	10-10_21:03:01
n0_r2_1B	B	0	VERIFY OK	80.03	10-10_21:04:23
n0_r2_2A	A	0	VERIFY OK	90.96	10-10_21:05:56
n0_r2_3A	A	0	VERIFY OK	89.98	10-10_21:07:28
n0_r2_4B	B	0	VERIFY OK	80.97	10-10_21:08:50
n0_r3_1A	A	0	VERIFY OK	92.24	10-10_21:10:24
n0_r3_2B	B	0	VERIFY OK	79.34	10-10_21:11:45
n0_r3_3B	B	0	VERIFY OK	79.40	10-10_21:13:06
n0_r3_4A	A	0	VERIFY OK	91.28	10-10_21:14:39
n1_r1_1A	A	0	VERIFY OK	90.92	10-10_20:58:44
n1_r1_2B	B	0	VERIFY OK	78.30	10-10_21:00:04
n1_r1_3B	B	0	VERIFY OK	79.31	10-10_21:01:25
n1_r1_4A	A	0	VERIFY OK	89.68	10-10_21:02:57
n1_r2_1B	B	0	VERIFY OK	79.77	10-10_21:04:19
n1_r2_2A	A	0	VERIFY OK	93.44	10-10_21:05:54
n1_r2_3A	A	0	VERIFY OK	91.70	10-10_21:07:27
n1_r2_4B	B	0	VERIFY OK	77.94	10-10_21:08:47
n1_r3_1A	A	0	VERIFY OK	91.30	10-10_21:10:20
n1_r3_2B	B	0	VERIFY OK	77.64	10-10_21:11:40
n1_r3_3B	B	0	VERIFY OK	79.90	10-10_21:13:02
n1_r3_4A	A	0	VERIFY OK	90.86	10-10_21:14:34
