n1_r1_1A	A	0	VERIFY OK	78.31	10-10_19:46:48
n0_r1_1A	A	0	VERIFY OK	80.86	10-10_19:46:51
n1_r1_2B	B	0	VERIFY OK	75.27	10-10_19:48:06
n0_r1_2B	B	0	VERIFY OK	75.86	10-10_19:48:08
n1_r1_3B	B	0	VERIFY OK	75.24	10-10_19:49:23
n0_r1_3B	B	0	VERIFY OK	75.63	10-10_19:49:26
n1_r1_4A	A	0	VERIFY OK	79.23	10-10_19:50:44
n0_r1_4A	A	0	VERIFY OK	78.83	10-10_19:50:46
n1_r2_1B	B	0	VERIFY OK	73.96	10-10_19:52:00
n0_r2_1B	B	0	VERIFY OK	77.62	10-10_19:52:06
n1_r2_2A	A	0	VERIFY OK	80.49	10-10_19:53:22
n0_r2_2A	A	0	VERIFY OK	78.52	10-10_19:53:26
n1_r2_3A	A	0	VERIFY OK	76.74	10-10_19:54:41
n0_r2_3A	A	0	VERIFY OK	78.70	10-10_19:54:46
n1_r2_4B	B	0	VERIFY OK	77.69	10-10_19:56:00
n0_r2_4B	B	0	VERIFY OK	77.57	10-10_19:56:06
n1_r3_1A	A	0	VERIFY OK	78.42	10-10_19:57:20
n0_r3_1A	A	0	VERIFY OK	80.54	10-10_19:57:28
n1_r3_2B	B	0	VERIFY OK	77.45	10-10_19:58:40
n0_r3_2B	B	0	VERIFY OK	76.58	10-10_19:58:46
n1_r3_3B	B	0	VERIFY OK	76.40	10-10_19:59:58
n0_r3_3B	B	0	VERIFY OK	77.23	10-10_20:00:05
n1_r3_4A	A	0	VERIFY OK	80.06	10-10_20:01:20
n0_r3_4A	A	0	VERIFY OK	78.83	10-10_20:01:26
n1_r4_1B	B	0	VERIFY OK	76.49	10-10_20:02:38
n0_r4_1B	B	0	VERIFY OK	77.90	10-10_20:02:46
n1_r4_2A	A	0	VERIFY OK	79.18	10-10_20:03:59
n0_r4_2A	A	0	VERIFY OK	80.58	10-10_20:04:08
n1_r4_3A	A	0	VERIFY OK	79.14	10-10_20:05:20
n0_r4_3A	A	0	VERIFY OK	77.30	10-10_20:05:27
n1_r4_4B	B	0	VERIFY OK	75.87	10-10_20:06:38
n0_r4_4B	B	0	VERIFY OK	76.34	10-10_20:06:45
n1_r5_1A	A	0	VERIFY OK	77.18	10-10_20:07:57
n0_r5_1A	A	0	VERIFY OK	79.70	10-10_20:08:07
n1_r5_2B	B	0	VERIFY OK	77.94	10-10_20:09:17
n0_r5_2B	B	0	VERIFY OK	75.67	10-10_20:09:24
n1_r5_3B	B	0	VERIFY OK	74.88	10-10_20:10:33
n0_r5_3B	B	0	VERIFY OK	77.43	10-10_20:10:44
n1_r5_4A	A	0	VERIFY OK	79.21	10-10_20:11:54
n0_r5_4A	A	0	VERIFY OK	80.91	10-10_20:12:06
n1_r6_1B	B	0	VERIFY OK	75.84	10-10_20:13:12
n0_r6_1B	B	0	VERIFY OK	76.90	10-10_20:13:25
n1_r6_2A	A	0	VERIFY OK	78.61	10-10_20:14:33
n0_r6_2A	A	0	VERIFY OK	80.50	10-10_20:14:47
n1_r6_3A	A	0	VERIFY OK	79.12	10-10_20:15:54
n0_r6_3A	A	0	VERIFY OK	78.78	10-10_20:16:08
n1_r6_4B	B	0	VERIFY OK	77.37	10-10_20:17:13
n0_r6_4B	B	0	VERIFY OK	75.66	10-10_20:17:25
