n0_r1_1A	A	0	VERIFY OK	77.31	10-10_20:19:32
n0_r1_2B	B	0	VERIFY OK	76.98	10-10_20:20:51
n0_r1_3B	B	0	VERIFY OK	73.47	10-10_20:22:06
n0_r1_4A	A	0	VERIFY OK	77.44	10-10_20:23:25
n0_r2_1B	B	0	VERIFY OK	75.51	10-10_20:24:42
n0_r2_2A	A	0	VERIFY OK	76.02	10-10_20:26:00
n0_r2_3A	A	0	VERIFY OK	76.39	10-10_20:27:18
n0_r2_4B	B	0	VERIFY OK	75.63	10-10_20:28:36
n0_r3_1A	A	0	VERIFY OK	77.01	10-10_20:29:54
n0_r3_2B	B	0	VERIFY OK	76.07	10-10_20:31:12
n0_r3_3B	B	0	VERIFY OK	75.18	10-10_20:32:29
n0_r3_4A	A	0	VERIFY OK	76.12	10-10_20:33:47
n0_r4_1B	B	0	VERIFY OK	74.87	10-10_20:35:04
n0_r4_2A	A	0	VERIFY OK	76.65	10-10_20:36:22
n0_r4_3A	A	0	VERIFY OK	77.44	10-10_20:37:41
n0_r4_4B	B	0	VERIFY OK	74.75	10-10_20:38:58
n1_r1_1A	A	0	VERIFY OK	77.02	10-10_20:19:31
n1_r1_2B	B	0	VERIFY OK	76.43	10-10_20:20:49
n1_r1_3B	B	0	VERIFY OK	76.99	10-10_20:22:08
n1_r1_4A	A	0	VERIFY OK	75.35	10-10_20:23:25
n1_r2_1B	B	0	VERIFY OK	75.48	10-10_20:24:42
n1_r2_2A	A	0	VERIFY OK	77.66	10-10_20:26:02
n1_r2_3A	A	0	VERIFY OK	74.67	10-10_20:27:18
n1_r2_4B	B	0	VERIFY OK	74.01	10-10_20:28:34
n1_r3_1A	A	0	VERIFY OK	75.48	10-10_20:29:51
n1_r3_2B	B	0	VERIFY OK	75.09	10-10_20:31:08
n1_r3_3B	B	0	VERIFY OK	75.47	10-10_20:32:26
n1_r3_4A	A	0	VERIFY OK	77.17	10-10_20:33:45
n1_r4_1B	B	0	VERIFY OK	73.43	10-10_20:35:00
n1_r4_2A	A	0	VERIFY OK	76.59	10-10_20:36:18
n1_r4_3A	A	0	VERIFY OK	76.76	10-10_20:37:37
n1_r4_4B	B	0	VERIFY OK	75.93	10-10_20:38:55
n1_r5_1A	A	0	VERIFY OK	76.92	10-10_20:40:14
n1_r5_2B	B	0	VERIFY OK	75.48	10-10_20:41:31
n1_r5_3B	B	0	VERIFY OK	73.93	10-10_20:42:47
n1_r5_4A	A	0	VERIFY OK	75.54	10-10_20:44:04
n1_r6_1B	B	0	VERIFY OK	73.73	10-10_20:45:20
n1_r6_2A	A	0	VERIFY OK	75.37	10-10_20:46:37
n1_r6_3A	A	0	VERIFY OK	75.49	10-10_20:47:54
n1_r6_4B	B	124			10-10_20:56:15
