h0_10B	B	0	VERIFY OK	76.34	10-10_21:29:01
h0_11B	B	0	VERIFY OK	77.02	10-10_21:30:21
h0_12A	A	0	VERIFY OK	75.80	10-10_21:31:41
h0_13B	B	0	VERIFY OK	76.01	10-10_21:33:01
h0_14B	B	0	VERIFY OK	75.90	10-10_21:34:21
h0_15B	B	0	VERIFY OK	75.52	10-10_21:35:41
h0_16A	A	0	VERIFY OK	77.53	10-10_21:37:01
h0_17B	B	0	VERIFY OK	75.30	10-10_21:38:21
h0_18B	B	0	VERIFY OK	76.16	10-10_21:39:41
h0_19B	B	0	VERIFY OK	75.17	10-10_21:41:02
h0_1B	B	0	VERIFY OK	75.49	10-10_21:17:00
h0_20A	A	0	VERIFY OK	76.68	10-10_21:42:22
h0_21B	B	0	VERIFY OK	74.39	10-10_21:43:42
h0_22B	B	0	VERIFY OK	74.31	10-10_21:45:02
h0_23B	B	0	VERIFY OK	74.69	10-10_21:46:22
h0_24A	A	0	VERIFY OK	75.42	10-10_21:47:42
h0_25B	B	0	VERIFY OK	75.41	10-10_21:49:02
h0_26B	B	0	VERIFY OK	75.42	10-10_21:50:22
h0_27B	B	0	VERIFY OK	75.63	10-10_21:51:42
h0_28A	A	0	VERIFY OK	77.46	10-10_21:53:02
h0_29B	B	0	VERIFY OK	76.90	10-10_21:54:22
h0_2B	B	0	VERIFY OK	74.34	10-10_21:18:21
h0_3B	B	0	VERIFY OK	75.27	10-10_21:19:41
h0_4A	A	0	VERIFY OK	77.03	10-10_21:21:01
h0_5B	B	0	VERIFY OK	73.65	10-10_21:22:21
h0_6B	B	0	VERIFY OK	76.40	10-10_21:23:41
h0_7B	B	0	VERIFY OK	75.50	10-10_21:25:01
h0_8A	A	0	VERIFY OK	77.30	10-10_21:26:21
h0_9B	B	0	VERIFY OK	75.04	10-10_21:27:41
h1_10B	B	0	VERIFY OK	76.11	10-10_21:29:01
h1_11B	B	0	VERIFY OK	74.04	10-10_21:30:21
h1_12A	A	0	VERIFY OK	76.09	10-10_21:31:41
h1_13B	B	0	VERIFY OK	74.82	10-10_21:33:01
h1_14B	B	0	VERIFY OK	74.78	10-10_21:34:21
h1_15B	B	0	VERIFY OK	74.66	10-10_21:35:41
h1_16A	A	0	VERIFY OK	74.62	10-10_21:37:01
h1_17B	B	0	VERIFY OK	75.96	10-10_21:38:21
h1_18B	B	0	VERIFY OK	74.90	10-10_21:39:41
h1_19B	B	0	VERIFY OK	75.42	10-10_21:41:02
h1_1B	B	0	VERIFY OK	75.60	10-10_21:17:00
h1_20A	A	0	VERIFY OK	76.35	10-10_21:42:22
h1_21B	B	0	VERIFY OK	74.37	10-10_21:43:42
h1_22B	B	0	VERIFY OK	76.71	10-10_21:45:02
h1_23B	B	0	VERIFY OK	76.46	10-10_21:46:22
h1_24A	A	0	VERIFY OK	77.43	10-10_21:47:42
h1_25B	B	0	VERIFY OK	76.04	10-10_21:49:02
h1_26B	B	0	VERIFY OK	74.78	10-10_21:50:22
h1_27B	B	0	VERIFY OK	75.13	10-10_21:51:42
h1_28A	A	0	VERIFY OK	76.14	10-10_21:53:02
h1_29B	B	0	VERIFY OK	75.42	10-10_21:54:22
h1_2B	B	0	VERIFY OK	74.88	10-10_21:18:21
h1_3B	B	0	VERIFY OK	74.90	10-10_21:19:41
h1_4A	A	0	VERIFY OK	75.79	10-10_21:21:01
h1_5B	B	0	VERIFY OK	74.82	10-10_21:22:21
h1_6B	B	0	VERIFY OK	75.76	10-10_21:23:41
h1_7B	B	0	VERIFY OK	74.09	10-10_21:25:01
h1_8A	A	0	VERIFY OK	75.20	10-10_21:26:21
h1_9B	B	0	VERIFY OK	75.96	10-10_21:27:41
